{"version":3,"hash":{"type":"Buffer","data":"x0EfYMril47ePQaE34wqjVc77V27H01ZH5D6Oaz2mDGDqyBudf3OeWTb5h1n6xXDfdxe83J7Ywd9JOy2jssDl3Wd4/u5NWoXXlzyJaI3PMgZE7/YP1kqHFK0AslbF0FLeP0bcjSawA9l2RczaSHiV1N9iaxhJdPHVa3xjdYeBcg="},"indexValueMap":{"p8ehFw0b+3pMtfKz9IOW/2115m706wBjAmzWbklrz2I=":{"valueMac":{"type":"Buffer","data":"5/ReV6fiUtCfgFci2AB86qrnmMp5kEx+UdA1ryU6qR4="}},"qpaZnRidIAVZX2CCmAa9tozmeZSygkR3zAglicXDJCg=":{"valueMac":{"type":"Buffer","data":"I/xwQ9JFdsSlvQO5c7C8RWY72YRfKkVSh3gKnsO+F/s="}},"PzTTo/nRfz2mzjKQa3oJBHumXRlYdgx9fr70fjO+Ghc=":{"valueMac":{"type":"Buffer","data":"qCg49VBFXrkBAy4MwxkqiTGnvWELVWvQikRzz5xnQ5A="}},"SBPqj2iEA5hrDvJZtMiymcXIXhV2kJcit6E3b1JVRFc=":{"valueMac":{"type":"Buffer","data":"fG0rNa764wXtmskevV2sQGZOCESEyRCQEwRQqd3MLf8="}},"dGXu3pOeUSfQlulZ6Jq+b5jBddtTne4J+eOmaIZTdN0=":{"valueMac":{"type":"Buffer","data":"1srBk3BekYuB1WNiq/yd+dbqTRdjDAZUe0dCcdDiO4Q="}},"uYCLeGcoF7NOBcc/T94l+oHpsbTJ4GX/oK33d4a27y0=":{"valueMac":{"type":"Buffer","data":"Rb/f5plMwM2zcdLjmiaT+h6ZbdK3/tksWidPvI4KRjs="}},"CMm21atmlQWRKG6i+LdNMBXEwynMjwLGE9WxsmogTtA=":{"valueMac":{"type":"Buffer","data":"72gYvIcPr8Ww0LarfuXGkciJzuovWXgte03t0Z3Er/Y="}},"B6nIEGgV5pJjQUAFU9vrwZZxW77b0p+5ywovwfxQ6U8=":{"valueMac":{"type":"Buffer","data":"Aqg/obSdvZrNZNj/sp9yySnEm/jStbKouCzSIJpl0c8="}},"ImRXxhtcz0XfzAO/FGFlOXea9jCwBjGGQqULGk+b2Ow=":{"valueMac":{"type":"Buffer","data":"XCud3SzEMqj4cCHJMIRJxyAzcI9/GT1noehwWUyZeOk="}},"Z+9u5tFC5kEfYAWGvUShIPXQrEvGuZJgj3WIi0UfTXs=":{"valueMac":{"type":"Buffer","data":"usQNBrBgy2fqiOPMq/NyzBTz6V1T8fQW3o4CHvvV3Ig="}},"JJ0jHJNc989YSd6fGmhyC0bvxGrub6+uUaXRsunxi9I=":{"valueMac":{"type":"Buffer","data":"W7KDJbsrqLoo122+PWRCabb8UJk9Vv8ktSNjElF0a3E="}},"DHb4NkMo4ygpmmAlvxZ0tmrdG+QVgimRK+qVZe/HsYk=":{"valueMac":{"type":"Buffer","data":"MjePIR/dRk0tS0z4sugAr+Sl9hu3kgDKssDQCN7zKRc="}},"IBzAH8MvsjyTgC/448js0bx9Va8+euVe1CG9/QrrD8s=":{"valueMac":{"type":"Buffer","data":"+N0sdr8SRfNyNgiL05xkAuoobiHCBpFXFdXO09zKlqg="}},"IfUA/6tHMKhmBdRwYUodmHUaenRm95UOxvcJ4sqrwOM=":{"valueMac":{"type":"Buffer","data":"5Hw5Y9awD+E9686Hve46JWdvPiI9k5Ra+MKnTfNvxHg="}},"ZFxF2nnGI9kdx1mqae2V1dioglEosYRqOqzCuhQi1N4=":{"valueMac":{"type":"Buffer","data":"JeljMnCbc0e03ZKR7R+xWGSRdXUIgFe4Z7KSJLp7i6U="}}}}