{"version":3,"hash":{"type":"Buffer","data":"R2/j2FJfcuj5oousMrYJ4VJWCewuP21hydl+q8B0fSzVjKTzAsNLAPjysq1Ej0vPfM44kv9M2Uot2Ou9gMPbhLsNLO0Qcs4vF8LjgsO/V6Ti/5vDhpmMj5MO14cKQn4aqQLnmHIATNzggK676muI96ygsctccjl65mIJ0wP2Xsk="},"indexValueMap":{"ezdalqGPEQeT5H3lvrPr76s2G2mWSFd9h8HSzPUoIos=":{"valueMac":{"type":"Buffer","data":"vvFIGznvbp3mAiq0MyfeactyiCc/FNQaPiIJZwdu55w="}},"/vC/uZHEu5rmsAHXy6v63X8FFdkmTSXCSQfwzz4hDAU=":{"valueMac":{"type":"Buffer","data":"eYiMeRm1iXqGo3AZZ4wziQWm1ZnQFNGO9a5ZT0fSYjc="}},"9pXp0VoTrvRU2UF7Px0hehqRgG2IQCs8cGuwB7awSs8=":{"valueMac":{"type":"Buffer","data":"gu+Z90vb1o0Y4OKbEBaGM16gXJMCsPdq4UkwWTsvJqg="}},"kXguqBcgznLCips/Vb0uVALqwGz1FcHpIVBrn+U3mLY=":{"valueMac":{"type":"Buffer","data":"Upp6hhmEV+AuvEsxNTKB76GsdN7M6RJ6GGF5OmJJMss="}},"xL30F0EERbygDGnMvA2yY1p9QOmbF7EawzIkh7vZaf8=":{"valueMac":{"type":"Buffer","data":"30MeWG1dkb3BX9ZQtczqPQHnE/rOslMl2yD6CZWKjcc="}},"0l7eRWqdh4yAUgVO7sfqNFZSDKTil3FwjFRsLwP63zY=":{"valueMac":{"type":"Buffer","data":"Vkk8qMz6htrpq1ayARMkc0W5YdKYFumqobcf9MOdj8o="}},"Pmpucj2/Et+WG+k8hiY+G+J1cq5uXXzGUdH9+yMLEGM=":{"valueMac":{"type":"Buffer","data":"2tqS2OGvSMjP79oRIyQj+YxkvjLzn9ydTnsGdUXICnI="}},"pyRWdPvz6OZHyQuu9/uqtIJ64Gr7NkG7frlts4ai73g=":{"valueMac":{"type":"Buffer","data":"mWuGJrsQr7RjU41jT2AvHwMESgbuHlZ610sN+nuya/s="}},"olACgfzUq2vNs7g4gttCIVJSosYFb3Ri7+g0KVGZ6Ec=":{"valueMac":{"type":"Buffer","data":"YxJgFZVpN7T4G6JpohLpsXh+ZP8LyiSbtzowx2Yt3ic="}},"w2cOR/MnBbrPnDoP/AdxBc/hGUQLCFwTx5sopBMv4mc=":{"valueMac":{"type":"Buffer","data":"M+ZPS4SlyAmks6AnwzJ6SGJHW5Oz4+4w9MCjFdazHys="}},"1JQAEzbo6IPJWzFEfAE+mchk9lkvwhQc4AqGOElgE5U=":{"valueMac":{"type":"Buffer","data":"dNVUFe/Su3b/b76Pv4yOsXF6QY2Wb64DPCQInP4NaGc="}},"/I5lfh0eu9xvvE0xOGd4MawOxVE8eA3uY0i4zyORFNc=":{"valueMac":{"type":"Buffer","data":"aSiOBEXhDibxX+2d39ExSBC2JBoVzsorRwPjEOzOBYE="}},"3c5exxLUxPzseHUMiDugkGnvC1AT6SrROFMLiBDEHX4=":{"valueMac":{"type":"Buffer","data":"2eJUKAJ7HQPEc2SIBOXdEddHouG/yolC8SeUonYFeNA="}},"4sdgIFaNDweNLBvjzUhVIFgfdeT52sf+1q22FaO8Xug=":{"valueMac":{"type":"Buffer","data":"fBOJU3Mt7NBJJqjzssGO8S/M29y3gbiJUK6wFHn9thA="}},"/IO3zI9eXQjAF8/AHQuBT/GMMxumLqrYlUNDlvHw6Sk=":{"valueMac":{"type":"Buffer","data":"a0mvLu5cjqyePIijVUA48X0HQy+PIT1S2fVqglDwwow="}},"5AJst2fR2QtM7gQMPIhjBNcfbYs3k+iUOnrSYSchxpE=":{"valueMac":{"type":"Buffer","data":"cZF/N3KMazKdP33UuA+7Ky6rQVxbM0ctclY9XU14hXQ="}},"hVX3eq9OSNw8ABiJvzw9c+vo3FfrIxhquKms9r6hYAI=":{"valueMac":{"type":"Buffer","data":"UZBLy0LU69eoeiS9NB93/jZTc020k5MOWXSh6FTNSkQ="}},"e4zbH/QJD31cJ2KCCO//WhQdzwWxQxgwlFn24xZDUOE=":{"valueMac":{"type":"Buffer","data":"z0mX/R9JhbeakoZZ1jbUdZ+pd3am2R5NNON2nV5qH0g="}},"bLIuqKdlGWhzdcJRidIZzvOo79nxksNctPcv8SdfdIE=":{"valueMac":{"type":"Buffer","data":"NvL6xQj+0pAoBYien1GXMaMQttjSXK3NXrZ2BbQK1TQ="}},"G4FghJhHNdrZDGmAQPYn6rsFma/HnGVfD08vYRpHxHs=":{"valueMac":{"type":"Buffer","data":"Ywd/O3R4GeSlk7XDZmQN6AK6BgQ9BaS4vk3wXN1R48s="}},"LIq5w3IvAbyJ3XdvPArem4F4f89JBRqaJMBJrkXA4e8=":{"valueMac":{"type":"Buffer","data":"L8G9t4kn5FmVdSb44yoGMvwZu3e8u2Gyl+CVNH4Y/c8="}},"L2On8pajiCRiMJKhwx3lQrIN1/q0t9tDobHFCNma390=":{"valueMac":{"type":"Buffer","data":"Ay/paYBJ2qBHunUVQSh9VYblmqe+BMjN2zgAwkIGrbg="}},"cCVSQaV9d2djl6Goue+t+o746BsmMso02dwerXYq7bs=":{"valueMac":{"type":"Buffer","data":"PKmLj1ptPGqFZ/e5hYTwStFd49W8Y9oPYAcAQhhlHas="}},"Dzo7O8kqE8D1k/QnhHGw+XtdPc+0/G8mYTU3qziH2/M=":{"valueMac":{"type":"Buffer","data":"S9SLbZOftcvENjY2M31VnD5fvJUMMcB1KhRc4FbSp5w="}},"OgE9F+3uu/LvoOjwZcsK36WR7vBLRe1uSFv8Gv9FwxE=":{"valueMac":{"type":"Buffer","data":"RFJCTnqWyQhZX0ZuemutOXfslkl8VHCE3AcN4lCrGgE="}},"z9fT7t8cklsJ6REDEoTZMiuqNx/2XNnSg1QdS+V5OwU=":{"valueMac":{"type":"Buffer","data":"BpJU94Lu1+rDKSxmn81KD5gitP1afV+0QG3iBx1Q5F0="}},"5j0uuB8c01sHjnEjnrcHyWejM9Pn+16t6fnK6Jv/g+Y=":{"valueMac":{"type":"Buffer","data":"mIjtWNaBeS3BWun/GVM3tif5XmbPdutp5j7HARI+TAc="}},"KYKsB+/Ow5V9//YnEHZOVBBXKV+nBR6WjnN9MKjb/Ng=":{"valueMac":{"type":"Buffer","data":"htlUIAQaNRAFsyTpRxE1rGcxwWaT4EF/MrzJx7L75mg="}}}}