{"noiseKey":{"private":{"type":"Buffer","data":"OPSpfkMVsMsdnn+/hFznuDvfC6+SPYdN2iJe8xe2hEo="},"public":{"type":"Buffer","data":"AB+G9oYFuZICreQUQ0A3NZqzpxKYxTDYM1R01+ETUCI="}},"pairingEphemeralKeyPair":{"private":{"type":"Buffer","data":"QC8VgG60olsveaugXfuOO0twI+6QSIEfxaA/LPl6vF0="},"public":{"type":"Buffer","data":"kw442NVprPC8OLnEoVdvl6NU2S4n/pCvoCRyaB5iJ1o="}},"signedIdentityKey":{"private":{"type":"Buffer","data":"SAe77p7J8NWokmT29NXu4sysog3EQYWgPijJ7Ud5D18="},"public":{"type":"Buffer","data":"Yu8oE+SP1bORaBxGDmtQbssAcRq0wfscOjQaCR5H6ko="}},"signedPreKey":{"keyPair":{"private":{"type":"Buffer","data":"2FUYVywHXO7Arln/rd7+azv+yOUuuKjcXdCcFQ4qgmk="},"public":{"type":"Buffer","data":"IKBZdPknrBII38zx52bw9F4af5s7cycgxtZnhQp1mSM="}},"signature":{"type":"Buffer","data":"q2z/V1GQB3ZrUysmsawAojiiO6GDYpAiAnTK1Hr/dEwlzmeBO3XZr7wJ3PENFkim10FZBEpAo8kjYfbQxQ+DAw=="},"keyId":1},"registrationId":19,"advSecretKey":"KjARvyU14yN5G3P+GyhagbAfE+knV4C38wQitMWHzoQ=","processedHistoryMessages":[{"key":{"remoteJid":"551151940284@s.whatsapp.net","fromMe":true,"id":"3A583E82BB353A75D395"},"messageTimestamp":1750291379},{"key":{"remoteJid":"551151940284@s.whatsapp.net","fromMe":true,"id":"3ADFB02E70FEF16D73DB"},"messageTimestamp":1750291380},{"key":{"remoteJid":"551151940284@s.whatsapp.net","fromMe":true,"id":"3A9AEEF0812F7E0F7B3C"},"messageTimestamp":1750291382}],"nextPreKeyId":31,"firstUnuploadedPreKeyId":31,"accountSyncCounter":1,"accountSettings":{"unarchiveChats":false},"registered":false,"account":{"details":"CJaoiYwMEK2nzcIGGAEgACgA","accountSignatureKey":"i3lcaOju8fTwWZaDqhq4F9ZNFKOfnPw8Vuuf+NagDmE=","accountSignature":"6HqwKjUX0Fzc//E/VIgcMEOtVPvS/0Gv+Ayp9sx+yxHtY/Th/7vqQXfvLDWxvudINVGXs4/+5pwHibN3Dgo3AA==","deviceSignature":"n0lxB9FdD6med/voP/gKGVMPKQVgRdXIeBgImXZ44e19F14SOx9R/Q12h8eg1Es7OpTEZog62vNIINwOwLprBA=="},"me":{"id":"551151940284:43@s.whatsapp.net","name":"Grupo Maximuns","lid":"90014193074213:43@lid"},"signalIdentities":[{"identifier":{"name":"551151940284:43@s.whatsapp.net","deviceId":0},"identifierKey":{"type":"Buffer","data":"BYt5XGjo7vH08FmWg6oauBfWTRSjn5z8PFbrn/jWoA5h"}}],"platform":"smbi","routingInfo":{"type":"Buffer","data":"CAgIDQ=="},"lastAccountSyncTimestamp":1750291764,"lastPropHash":"2DlyAg","myAppStateKeyId":"AAAAAPla"}