{"_sessions":{"BUO3Xiv0hxZQ1aBQMf8mJekqNEJD7/q1TnSg+sKImAoU":{"registrationId":55864354,"currentRatchet":{"ephemeralKeyPair":{"pubKey":"BVn3i2DxPCTHyBudbrRVUmp2PDj5yz+l56P6myt10656","privKey":"GNFI5VljMNed/uciGXf85LwXLjHRAGs2EDYlU7cMoEU="},"lastRemoteEphemeralKey":"BdmyLSU1i7RTgWGHiorVaBcoAiPUZGXFBDtvHWElFy5M","previousCounter":0,"rootKey":"MUgP5qUK+X+X0vggHyDial+3EycqHGseqsVVT7f+b1I="},"indexInfo":{"baseKey":"BUO3Xiv0hxZQ1aBQMf8mJekqNEJD7/q1TnSg+sKImAoU","baseKeyType":1,"closed":1750291405349,"used":1750291404154,"created":1750291404154,"remoteIdentityKey":"BRmwZNSnhL6a259AYXKoEzoDH9vGdhk+kGBV5tStR65V"},"_chains":{"BVn3i2DxPCTHyBudbrRVUmp2PDj5yz+l56P6myt10656":{"chainKey":{"counter":0,"key":"BNyH9SAY9BYBoqyJKo2zFSHSqC9/6Y3MkZlhUzgZHyk="},"chainType":1,"messageKeys":{}}},"pendingPreKey":{"signedKeyId":5532706,"baseKey":"BUO3Xiv0hxZQ1aBQMf8mJekqNEJD7/q1TnSg+sKImAoU"}},"BbYHn/thwwl9HmCRJ1vBJj4Q2KXu5FF1jLWNZGh/61EX":{"registrationId":55864354,"currentRatchet":{"ephemeralKeyPair":{"pubKey":"BaYykUyUqfxha4GnscK1z1Sc4NgwrJ3UI41A4inI8CZ7","privKey":"sJuGJhJt1AjRpX/9tmIwj4mauc6dd3ow21rMF1co0V8="},"lastRemoteEphemeralKey":"BdmyLSU1i7RTgWGHiorVaBcoAiPUZGXFBDtvHWElFy5M","previousCounter":0,"rootKey":"x6qZQVsv9lHO8GYso0RYITuoMDeypZLKz7vh8gDfHM8="},"indexInfo":{"baseKey":"BbYHn/thwwl9HmCRJ1vBJj4Q2KXu5FF1jLWNZGh/61EX","baseKeyType":1,"closed":-1,"used":1750291405347,"created":1750291405347,"remoteIdentityKey":"BRmwZNSnhL6a259AYXKoEzoDH9vGdhk+kGBV5tStR65V"},"_chains":{"BaYykUyUqfxha4GnscK1z1Sc4NgwrJ3UI41A4inI8CZ7":{"chainKey":{"counter":0,"key":"Uc6auoeo5XiSjPzzf7u+fVYLpe/PJ4FuArVFupIAaTY="},"chainType":1,"messageKeys":{}}},"pendingPreKey":{"signedKeyId":5532706,"baseKey":"BbYHn/thwwl9HmCRJ1vBJj4Q2KXu5FF1jLWNZGh/61EX"}}},"version":"v1"}