{"_sessions":{"BShfQyvsYdPd6Eq1DdrsOOw24uh1/fCC6UnEZI1aHU5c":{"registrationId":1420125009,"currentRatchet":{"ephemeralKeyPair":{"pubKey":"BSe2WCRqmtnOsfAVKc/V6KMJTQuyQAWQ6hBi9/ekq0l+","privKey":"wJnyMicft3TMyWm46RT13e8kVEaOs3AxP2l68AJ3V0I="},"lastRemoteEphemeralKey":"BVFG1EWONbXIRLWY3TOuIm+CY8J+CJHnTz7tg94LHBR/","previousCounter":0,"rootKey":"sp6OOd58YreRdnPYH2q4arDa8ZmBDVagqdE0PFti4Js="},"indexInfo":{"baseKey":"BShfQyvsYdPd6Eq1DdrsOOw24uh1/fCC6UnEZI1aHU5c","baseKeyType":1,"closed":-1,"used":1750291515106,"created":1750291515106,"remoteIdentityKey":"BeX1DBRArhNb+O/Bj4z1NudSMUPcE2rhWY6H8xxZowY/"},"_chains":{"BSe2WCRqmtnOsfAVKc/V6KMJTQuyQAWQ6hBi9/ekq0l+":{"chainKey":{"counter":1,"key":"GSHTKviSaYCGEJ60R34Fo+9R4vl+/GdTDQLK/klRMXc="},"chainType":1,"messageKeys":{}}},"pendingPreKey":{"signedKeyId":5971701,"baseKey":"BShfQyvsYdPd6Eq1DdrsOOw24uh1/fCC6UnEZI1aHU5c","preKeyId":22554}}},"version":"v1"}