{"_sessions":{"BRZRX3XztrjJiElAxyHprMWpF6JIuIhUHouI5CRIar47":{"registrationId":76,"currentRatchet":{"ephemeralKeyPair":{"pubKey":"BR+VKuXqpDIRW2/frV1UB1gguppCK7BThI9DMTr+m0QN","privKey":"GE9FRHVa2IFKbyxxj/WoPlGbulxe8arSGRjq/84TVWY="},"lastRemoteEphemeralKey":"BXVsIR1a3Ih4PPi6oRT60LvQkY2ULTfOSoSM7QGoJPdo","previousCounter":0,"rootKey":"9XDDFic0864Y9NftUxP/UR1sSCc9yex6X0gpCwZ3V4o="},"indexInfo":{"baseKey":"BRZRX3XztrjJiElAxyHprMWpF6JIuIhUHouI5CRIar47","baseKeyType":1,"closed":1750291405348,"used":1750291404151,"created":1750291404151,"remoteIdentityKey":"BWqhxTSe9n0GaEYG5pKH801iRk+rZmTfcReC+ygiu9Ac"},"_chains":{"BR+VKuXqpDIRW2/frV1UB1gguppCK7BThI9DMTr+m0QN":{"chainKey":{"counter":0,"key":"UhKju+qepEP3cjpRCHhPBYU4RfMWDyFeDQHXGwoesZM="},"chainType":1,"messageKeys":{}}},"pendingPreKey":{"signedKeyId":1,"baseKey":"BRZRX3XztrjJiElAxyHprMWpF6JIuIhUHouI5CRIar47"}},"BYvUtJyJiNjuE6eoRXDPKrc393gTuoiPjaJKumrVCfUY":{"registrationId":76,"currentRatchet":{"ephemeralKeyPair":{"pubKey":"BYFq1NmBq4xd2+a1bYua7fq4M9YF+VH0wErb8uyVUFtw","privKey":"+JO9Qx1LAee41+Vp7J7SXo/NlZ2X5ayRtrOz57zaCGI="},"lastRemoteEphemeralKey":"BXVsIR1a3Ih4PPi6oRT60LvQkY2ULTfOSoSM7QGoJPdo","previousCounter":0,"rootKey":"c16Z6hOwtsX536ygcvj4I6E4sDK9ZbyR5LVWedIhras="},"indexInfo":{"baseKey":"BYvUtJyJiNjuE6eoRXDPKrc393gTuoiPjaJKumrVCfUY","baseKeyType":1,"closed":-1,"used":1750291405345,"created":1750291405345,"remoteIdentityKey":"BWqhxTSe9n0GaEYG5pKH801iRk+rZmTfcReC+ygiu9Ac"},"_chains":{"BYFq1NmBq4xd2+a1bYua7fq4M9YF+VH0wErb8uyVUFtw":{"chainKey":{"counter":2,"key":"13r7/r/vCfLY4y9hpT1U9q0YNNLvHJzMxhb66KWyr08="},"chainType":1,"messageKeys":{}}},"pendingPreKey":{"signedKeyId":1,"baseKey":"BYvUtJyJiNjuE6eoRXDPKrc393gTuoiPjaJKumrVCfUY"}}},"version":"v1"}