{"_sessions":{"BfwwwEYYcJpCyGoY9iqAxY4AXMj4U2G/u8wyicRiu94V":{"registrationId":1608130875,"currentRatchet":{"ephemeralKeyPair":{"pubKey":"Bev+8Xn7eGBpUXo4FeVBxWxHnEUesm3pBrEK0ZKyQHN3","privKey":"qK45Pi7MW/N2y43AfylpgXKorvBLms0Xh11OeN4cqFk="},"lastRemoteEphemeralKey":"BbPt/7R71zFJ8FU3TgEEAjY9ktHI74mOSZo6mNqP8kty","previousCounter":0,"rootKey":"Z44gIEPCBmb6JeQcTV8WPqQodJlbrzdM62Jxwy+XEgg="},"indexInfo":{"baseKey":"BfwwwEYYcJpCyGoY9iqAxY4AXMj4U2G/u8wyicRiu94V","baseKeyType":2,"closed":-1,"used":1750291378302,"created":1750291378302,"remoteIdentityKey":"BYt5XGjo7vH08FmWg6oauBfWTRSjn5z8PFbrn/jWoA5h"},"_chains":{"BbPt/7R71zFJ8FU3TgEEAjY9ktHI74mOSZo6mNqP8kty":{"chainKey":{"counter":4,"key":"WWHW4kJAKNQBgpCMdOuxFSUnBp4uqNhQV8jnA4TRCS4="},"chainType":2,"messageKeys":{}},"Bev+8Xn7eGBpUXo4FeVBxWxHnEUesm3pBrEK0ZKyQHN3":{"chainKey":{"counter":3,"key":"1R0GbyGkPnTrT39CEGwNjCZzNs1KujdKQiino8vLYFc="},"chainType":1,"messageKeys":{}}}}},"version":"v1"}