{"_sessions":{"BeeBElejpmcfUWfud8UfkLZvUiMXpo2nQFHbKvs362NR":{"registrationId":259014558,"currentRatchet":{"ephemeralKeyPair":{"pubKey":"BeiVE3kfGAncbgMh5KpogCsjTTC97Yua1Z1hRnfTeGwQ","privKey":"QB+ZyJsk4RGQ2gcxMK4pNMMql+FEB7SJYtMrK1CGKVk="},"lastRemoteEphemeralKey":"BWZ5QR0bOUB9Ms63bX+4ZdPz+nzFHR34LLrhtiSAhF8B","previousCounter":0,"rootKey":"86iH1e1e2CEe+1r/UsPgq3IwG1JCQ4tkyEXBLfqdfgo="},"indexInfo":{"baseKey":"BeeBElejpmcfUWfud8UfkLZvUiMXpo2nQFHbKvs362NR","baseKeyType":1,"closed":-1,"used":1750291515105,"created":1750291515105,"remoteIdentityKey":"BTgGKe4oWtBvdSAUFazSyVHImQI1jpvN+BU/vUWV+P0Q"},"_chains":{"BeiVE3kfGAncbgMh5KpogCsjTTC97Yua1Z1hRnfTeGwQ":{"chainKey":{"counter":1,"key":"iubLq+bmd59MRx/eK1bp2xUoYMuoZduxw59PETf7VG4="},"chainType":1,"messageKeys":{}}},"pendingPreKey":{"signedKeyId":2,"baseKey":"BeeBElejpmcfUWfud8UfkLZvUiMXpo2nQFHbKvs362NR","preKeyId":3337}}},"version":"v1"}