{"_sessions":{"BeDSrwffAt+ttmb4ZRPL/DET/dEIQNdxbypclwjpUMIE":{"registrationId":246,"currentRatchet":{"ephemeralKeyPair":{"pubKey":"BZzLz19R9D13/xESAp3eXcGw/I3sHv6ElCyEDVhD54JE","privKey":"kMbedLwDOL0zJFEnaiXGT9bkTspFPlxquzrSRJgyL1E="},"lastRemoteEphemeralKey":"BR9KrYtbaaV1vZ0Nt/FR52UO0b1aSTiezZqUC6MGv1YQ","previousCounter":0,"rootKey":"IGZbzPuTRttWXISFcbcIrugNg8H0sYnzmOcR9hELMZA="},"indexInfo":{"baseKey":"BeDSrwffAt+ttmb4ZRPL/DET/dEIQNdxbypclwjpUMIE","baseKeyType":1,"closed":1750291405349,"used":1750291404152,"created":1750291404152,"remoteIdentityKey":"BQFpcF+7F5pUFblIBfDueBmeUxFSUC4P1O8ydF5AOcVY"},"_chains":{"BZzLz19R9D13/xESAp3eXcGw/I3sHv6ElCyEDVhD54JE":{"chainKey":{"counter":0,"key":"rDSOB9aXARXzsxh8YRh5suwAQEH8ZxBhEpRUT0rd33Q="},"chainType":1,"messageKeys":{}}},"pendingPreKey":{"signedKeyId":1,"baseKey":"BeDSrwffAt+ttmb4ZRPL/DET/dEIQNdxbypclwjpUMIE"}},"BX8XrvQB7ylhs3U/8aLKW41siW9GDZD/MYr+tEl232gg":{"registrationId":246,"currentRatchet":{"ephemeralKeyPair":{"pubKey":"BdqHtDy0dmsC6kBFcuut93O79cW4D6rAihvwquOohc9d","privKey":"EOi71JX2yg3QR9ZpAcl3lNXBWCzYdaJIKoZQl/3Grkk="},"lastRemoteEphemeralKey":"BR9KrYtbaaV1vZ0Nt/FR52UO0b1aSTiezZqUC6MGv1YQ","previousCounter":0,"rootKey":"+gejhl+XJgTvejwcpEgo6CBMolTMSBFTOUMM8+lNUHk="},"indexInfo":{"baseKey":"BX8XrvQB7ylhs3U/8aLKW41siW9GDZD/MYr+tEl232gg","baseKeyType":1,"closed":-1,"used":1750291405346,"created":1750291405346,"remoteIdentityKey":"BQFpcF+7F5pUFblIBfDueBmeUxFSUC4P1O8ydF5AOcVY"},"_chains":{"BdqHtDy0dmsC6kBFcuut93O79cW4D6rAihvwquOohc9d":{"chainKey":{"counter":2,"key":"cwlqzzhDqcTkDIUpfyJajaYWlY9pp1g1QLs0U8qMRyo="},"chainType":1,"messageKeys":{}}},"pendingPreKey":{"signedKeyId":1,"baseKey":"BX8XrvQB7ylhs3U/8aLKW41siW9GDZD/MYr+tEl232gg"}}},"version":"v1"}