{"_sessions":{"BayWzoJVq/O7CQc1YT/B0BEdMUTafbJHlco7B9hqh+9p":{"registrationId":1981840846,"currentRatchet":{"ephemeralKeyPair":{"pubKey":"Bc1knZqcoQIzfE0NqJWXd4lTpS4bpboQBtLjnNqBxtp6","privKey":"cKyK++tMFlrTTyDIJ/cTWwcFddWWlrDlS0Q3wy43KHQ="},"lastRemoteEphemeralKey":"BWm4UvDWmUEyE/KWpj7H3w8T5iqJcjzhC2ouxGLxFoNC","previousCounter":0,"rootKey":"U9kzGr373HtUFJYYLA4N6BDPi4jhMHxBA6NM7fSqWX4="},"indexInfo":{"baseKey":"BayWzoJVq/O7CQc1YT/B0BEdMUTafbJHlco7B9hqh+9p","baseKeyType":1,"closed":-1,"used":1750291515104,"created":1750291515104,"remoteIdentityKey":"BXcZx2GMB9uhlAWr28Gw0q2T1WwiDIHvGrH3wF+KjDto"},"_chains":{"Bc1knZqcoQIzfE0NqJWXd4lTpS4bpboQBtLjnNqBxtp6":{"chainKey":{"counter":1,"key":"pDT0ftoJg3VK2r50esjX9yHuFYuRCFRtuNnP6jZIgDQ="},"chainType":1,"messageKeys":{}}},"pendingPreKey":{"signedKeyId":161,"baseKey":"BayWzoJVq/O7CQc1YT/B0BEdMUTafbJHlco7B9hqh+9p","preKeyId":10623}}},"version":"v1"}