{"version":3,"hash":{"type":"Buffer","data":"iiPoERJE02zEgdLopQp1hEqNZWfd7Y5bkM+2iPOV3MsmiobzGSC7pcgVwoGnY2P9cJFweegVh1HEKBHRVBlc+BrPKIcvkYflqnDdcrUVESQHRsLIFKYyaq19evN/vMWk5Ynt83eqlfNiluP6a+T4CE2222GYQErjjr19tJrVhUQ="},"indexValueMap":{"6fp/P4fiQEWr0lF7X0bZNUabI79WNRj/1AaAFyLvF6c=":{"valueMac":{"type":"Buffer","data":"xV6VhKGcI+fj/q//c+hnj6OZciaDQW6Aqj1AdF+xTlU="}},"KwOpFc5tiyB7RERIIu4I4x2v3I9SsLuZKYB1bV+j/m8=":{"valueMac":{"type":"Buffer","data":"RX10XenZbCPmZoYlHQJxhKHlo+TJeJTwHQYTrIiL6gw="}},"Uwmfnv8Bs0UVbT1QIj7Hi8rJAqkGhzmtSxiMhoRU0kw=":{"valueMac":{"type":"Buffer","data":"SPlteDuV+uN9peMjE7N6bZypb8b3CuOBj1sB9FUP0NU="}},"XOcOPRl6mpiq3gtGXBVOtoQJ/yjqGGMuutmoc/i8yqE=":{"valueMac":{"type":"Buffer","data":"HmJP4EiYy1XFpHZRyt46gpjoP7KK4JCYaUN9koxXrOw="}},"dQYmt66GFxh6H6MSlSt9mJoHnO/GqjBkneBxOBO11CU=":{"valueMac":{"type":"Buffer","data":"3h457T795rL54LsFtJBj3MWf0pIluIOdxe9KZkY+86k="}},"kshtvlzwOaEnI18k9LskbIht/YUFKMAtrs7kzlJIuNo=":{"valueMac":{"type":"Buffer","data":"yu49eiNddlnPqicPYKO/Vav6Iums68YBMLfn9JitHmA="}},"lIUUeEdgDRtQoXTXPOizJSzVkXQ0S8CGgQUvMGn3rzU=":{"valueMac":{"type":"Buffer","data":"DNg7Uwr79OcF2IegcttpTLjpoQCKZH0WVN4dVclLkLs="}},"MJGA8OgXaQLEGgpuNz+tBUUwtR7MYDify14EUBnxbh8=":{"valueMac":{"type":"Buffer","data":"p+sPmGLDDfTf7+muUqpwCUzeQlNgb5scEmpLinvhZmw="}},"YVVVtPOjkVXaCJXbruCGsplVYjRMITHDVEAMaOwXYiE=":{"valueMac":{"type":"Buffer","data":"hK38JUEQB23gvV/vQuJXnnS27K2wyUz4eJ3e8/C02ms="}},"91nCZVvbk3kb5ZSQsF4a+JzPeyCsxNHJ1FZ7XpxmsWs=":{"valueMac":{"type":"Buffer","data":"CshmUasjc7IXtzbC8UIQGuNHUPsufZs4NsXsB9UDCng="}},"r0p0q9GYddRWqGR68k56Vk5zekgXYekmf+ZrFYHZ2R0=":{"valueMac":{"type":"Buffer","data":"IwJv3jGwhPXif4ggyNHRZ4RQPJd+erkUzwsuuYdP2Ng="}},"2NUGwdIH4al+dkVhLHYohYv05k74tVxN7ADVqebtxE0=":{"valueMac":{"type":"Buffer","data":"HNjkvjAlMLFreEfWsw1m9prvofYqfzcpCioBNOEqAd4="}},"LEmaNClkpwrTUWj89/V7NisH9aiJ0WCKbOjHoox8nFI=":{"valueMac":{"type":"Buffer","data":"NKRFJuNfgaBLr2mXEs8xgqvaJtQmx+Zlpe2zkpTjJrU="}},"zESKXhcFda0Jls2z2d/MGyqDWjdBCb/ugMKaRi3r/Yk=":{"valueMac":{"type":"Buffer","data":"yzP9JHB1bKK0A/lWDagYBOtfFjHzH+xo2hP9Ld+9SjQ="}},"NS095RlGGF5oeYLvevIUhfNHGOb1A1/YhYHZqQlfjYo=":{"valueMac":{"type":"Buffer","data":"IJVvrl3dc+dA5nlpDUtQ0xOFfzfQqUUvdSlH1E0pcnM="}}}}