{"noiseKey":{"private":{"type":"Buffer","data":"CCKYpWd4lv1hseGPXm42stvYL/4+FYLRu8wvZBt4+HA="},"public":{"type":"Buffer","data":"DX09QZUakp+HxfnM3mMwY3rDW+8eDjBCWSapAp1L6R0="}},"pairingEphemeralKeyPair":{"private":{"type":"Buffer","data":"iM694AM/oAGo7diPw2TERk7JeZd2zCSb79GZ688KeVQ="},"public":{"type":"Buffer","data":"qKBP+G1ehcRNojGSEKRK/Weoz4AKTDu6uBbPcLxZd1k="}},"signedIdentityKey":{"private":{"type":"Buffer","data":"MDw4SGba2S6awqTQgmQS12dz7wC3zs3tg7vEuAOmAGg="},"public":{"type":"Buffer","data":"31dITZHf6SoxGhsBTnNrrt7MGEDpI3xmsTekHf2iSxQ="}},"signedPreKey":{"keyPair":{"private":{"type":"Buffer","data":"aEG8O3ki1bvj1UvOx2TWzJd+XnHsRV2YNdXDxs2zOlk="},"public":{"type":"Buffer","data":"MGKL9ufCeB5v6XynvEB3QXml2IhtrvTUc/m3md3uRD4="}},"signature":{"type":"Buffer","data":"Ycsl4LjOI9DdIOQe84xHvbbj/dLH/fVJIqBiRtvuweynCEMEPp5YEASO8m0cd1lZOJW+xxyDAH4uFTGywrX7Ag=="},"keyId":1},"registrationId":191,"advSecretKey":"dO2R9A0cV0y9FQA8vZh7vz32KUDTTeoeYtmIBzgqaF8=","processedHistoryMessages":[],"nextPreKeyId":61,"firstUnuploadedPreKeyId":61,"accountSyncCounter":1,"accountSettings":{"unarchiveChats":false},"registered":false,"account":{"details":"CJWoiYwMEMWHzcIGGAEgACgA","accountSignatureKey":"i3lcaOju8fTwWZaDqhq4F9ZNFKOfnPw8Vuuf+NagDmE=","accountSignature":"pQAHza3CQw8+9m8+JZGVhE+k5NEwpfh+wF/C247LA98sQcp4Heuu63ASn2UyTF0pST2tHxneqD007q2NpC++Cw==","deviceSignature":"7qQwf9gA2V4mCp25CTkGi3BQbrD7+OedlpD9M4Nu1h4FdBUNOpjwAKtrwJQU3Unj7o/b76RjFK6wbNbuaxqYDQ=="},"me":{"id":"551151940284:42@s.whatsapp.net","name":"Grupo Maximuns","lid":"90014193074213:42@lid"},"signalIdentities":[{"identifier":{"name":"551151940284:42@s.whatsapp.net","deviceId":0},"identifierKey":{"type":"Buffer","data":"BYt5XGjo7vH08FmWg6oauBfWTRSjn5z8PFbrn/jWoA5h"}}],"platform":"smbi","routingInfo":{"type":"Buffer","data":"CAgIDQ=="},"lastAccountSyncTimestamp":1750287311,"lastPropHash":"2DlyAg","myAppStateKeyId":"AAAAAIgK"}