{"_sessions":{"BdUdKv3PcXs2bAUSDpvW16Qv45aBkxqnQhtVFyraCsdv":{"registrationId":1608130875,"currentRatchet":{"ephemeralKeyPair":{"pubKey":"BYa59kjZJR9aj+ZGpasqZOEmRvLBlvqBmDaYudQNNHNH","privKey":"8Pj9v96z8LNQZeHgvAgMqSzb+s+grv9LPXPdhC2dAEw="},"lastRemoteEphemeralKey":"BXgdpsoLTbyism+yFElu+l+indn3A6fp9FH5+zPguAtQ","previousCounter":0,"rootKey":"8WGoNNbGxpu3KBwt6d0e/7YSOEdRE9vNQzYTzr30ae8="},"indexInfo":{"baseKey":"BdUdKv3PcXs2bAUSDpvW16Qv45aBkxqnQhtVFyraCsdv","baseKeyType":2,"closed":-1,"used":1750287312400,"created":1750287312400,"remoteIdentityKey":"BYt5XGjo7vH08FmWg6oauBfWTRSjn5z8PFbrn/jWoA5h"},"_chains":{"BXgdpsoLTbyism+yFElu+l+indn3A6fp9FH5+zPguAtQ":{"chainKey":{"counter":4,"key":"5Yd6Vvy6E+MBJCb0HDWRSRJchnmEfMuFVew/WPQvkIk="},"chainType":2,"messageKeys":{}},"BYa59kjZJR9aj+ZGpasqZOEmRvLBlvqBmDaYudQNNHNH":{"chainKey":{"counter":-1,"key":"zZRpiD/x2nCVv0VXZWVNLVd5zan60vOZh7gagAbB7vE="},"chainType":1,"messageKeys":{}}}}},"version":"v1"}